id,revenue
3001,1000000
3002,1000000
3003,1000000
3004,1000000
3005,1000000
3006,1000000
3007,1000000
3008,1000000
3009,1000000
3010,1000000
3011,1000000
3012,1000000
3013,1000000
3014,1000000
3015,1000000
3016,1000000
3017,1000000
3018,1000000
3019,1000000
3020,1000000
3021,1000000
3022,1000000
3023,1000000
3024,1000000
3025,1000000
3026,1000000
3027,1000000
3028,1000000
3029,1000000
3030,1000000
3031,1000000
3032,1000000
3033,1000000
3034,1000000
3035,1000000
3036,1000000
3037,1000000
3038,1000000
3039,1000000
3040,1000000
3041,1000000
3042,1000000
3043,1000000
3044,1000000
3045,1000000
3046,1000000
3047,1000000
3048,1000000
3049,1000000
3050,1000000
3051,1000000
3052,1000000
3053,1000000
3054,1000000
3055,1000000
3056,1000000
3057,1000000
3058,1000000
3059,1000000
3060,1000000
3061,1000000
3062,1000000
3063,1000000
3064,1000000
3065,1000000
3066,1000000
3067,1000000
3068,1000000
3069,1000000
3070,1000000
3071,1000000
3072,1000000
3073,1000000
3074,1000000
3075,1000000
3076,1000000
3077,1000000
3078,1000000
3079,1000000
3080,1000000
3081,1000000
3082,1000000
3083,1000000
3084,1000000
3085,1000000
3086,1000000
3087,1000000
3088,1000000
3089,1000000
3090,1000000
3091,1000000
3092,1000000
3093,1000000
3094,1000000
3095,1000000
3096,1000000
3097,1000000
3098,1000000
3099,1000000
3100,1000000
3101,1000000
3102,1000000
3103,1000000
3104,1000000
3105,1000000
3106,1000000
3107,1000000
3108,1000000
3109,1000000
3110,1000000
3111,1000000
3112,1000000
3113,1000000
3114,1000000
3115,1000000
3116,1000000
3117,1000000
3118,1000000
3119,1000000
3120,1000000
3121,1000000
3122,1000000
3123,1000000
3124,1000000
3125,1000000
3126,1000000
3127,1000000
3128,1000000
3129,1000000
3130,1000000
3131,1000000
3132,1000000
3133,1000000
3134,1000000
3135,1000000
3136,1000000
3137,1000000
3138,1000000
3139,1000000
3140,1000000
3141,1000000
3142,1000000
3143,1000000
3144,1000000
3145,1000000
3146,1000000
3147,1000000
3148,1000000
3149,1000000
3150,1000000
3151,1000000
3152,1000000
3153,1000000
3154,1000000
3155,1000000
3156,1000000
3157,1000000
3158,1000000
3159,1000000
3160,1000000
3161,1000000
3162,1000000
3163,1000000
3164,1000000
3165,1000000
3166,1000000
3167,1000000
3168,1000000
3169,1000000
3170,1000000
3171,1000000
3172,1000000
3173,1000000
3174,1000000
3175,1000000
3176,1000000
3177,1000000
3178,1000000
3179,1000000
3180,1000000
3181,1000000
3182,1000000
3183,1000000
3184,1000000
3185,1000000
3186,1000000
3187,1000000
3188,1000000
3189,1000000
3190,1000000
3191,1000000
3192,1000000
3193,1000000
3194,1000000
3195,1000000
3196,1000000
3197,1000000
3198,1000000
3199,1000000
3200,1000000
3201,1000000
3202,1000000
3203,1000000
3204,1000000
3205,1000000
3206,1000000
3207,1000000
3208,1000000
3209,1000000
3210,1000000
3211,1000000
3212,1000000
3213,1000000
3214,1000000
3215,1000000
3216,1000000
3217,1000000
3218,1000000
3219,1000000
3220,1000000
3221,1000000
3222,1000000
3223,1000000
3224,1000000
3225,1000000
3226,1000000
3227,1000000
3228,1000000
3229,1000000
3230,1000000
3231,1000000
3232,1000000
3233,1000000
3234,1000000
3235,1000000
3236,1000000
3237,1000000
3238,1000000
3239,1000000
3240,1000000
3241,1000000
3242,1000000
3243,1000000
3244,1000000
3245,1000000
3246,1000000
3247,1000000
3248,1000000
3249,1000000
3250,1000000
3251,1000000
3252,1000000
3253,1000000
3254,1000000
3255,1000000
3256,1000000
3257,1000000
3258,1000000
3259,1000000
3260,1000000
3261,1000000
3262,1000000
3263,1000000
3264,1000000
3265,1000000
3266,1000000
3267,1000000
3268,1000000
3269,1000000
3270,1000000
3271,1000000
3272,1000000
3273,1000000
3274,1000000
3275,1000000
3276,1000000
3277,1000000
3278,1000000
3279,1000000
3280,1000000
3281,1000000
3282,1000000
3283,1000000
3284,1000000
3285,1000000
3286,1000000
3287,1000000
3288,1000000
3289,1000000
3290,1000000
3291,1000000
3292,1000000
3293,1000000
3294,1000000
3295,1000000
3296,1000000
3297,1000000
3298,1000000
3299,1000000
3300,1000000
3301,1000000
3302,1000000
3303,1000000
3304,1000000
3305,1000000
3306,1000000
3307,1000000
3308,1000000
3309,1000000
3310,1000000
3311,1000000
3312,1000000
3313,1000000
3314,1000000
3315,1000000
3316,1000000
3317,1000000
3318,1000000
3319,1000000
3320,1000000
3321,1000000
3322,1000000
3323,1000000
3324,1000000
3325,1000000
3326,1000000
3327,1000000
3328,1000000
3329,1000000
3330,1000000
3331,1000000
3332,1000000
3333,1000000
3334,1000000
3335,1000000
3336,1000000
3337,1000000
3338,1000000
3339,1000000
3340,1000000
3341,1000000
3342,1000000
3343,1000000
3344,1000000
3345,1000000
3346,1000000
3347,1000000
3348,1000000
3349,1000000
3350,1000000
3351,1000000
3352,1000000
3353,1000000
3354,1000000
3355,1000000
3356,1000000
3357,1000000
3358,1000000
3359,1000000
3360,1000000
3361,1000000
3362,1000000
3363,1000000
3364,1000000
3365,1000000
3366,1000000
3367,1000000
3368,1000000
3369,1000000
3370,1000000
3371,1000000
3372,1000000
3373,1000000
3374,1000000
3375,1000000
3376,1000000
3377,1000000
3378,1000000
3379,1000000
3380,1000000
3381,1000000
3382,1000000
3383,1000000
3384,1000000
3385,1000000
3386,1000000
3387,1000000
3388,1000000
3389,1000000
3390,1000000
3391,1000000
3392,1000000
3393,1000000
3394,1000000
3395,1000000
3396,1000000
3397,1000000
3398,1000000
3399,1000000
3400,1000000
3401,1000000
3402,1000000
3403,1000000
3404,1000000
3405,1000000
3406,1000000
3407,1000000
3408,1000000
3409,1000000
3410,1000000
3411,1000000
3412,1000000
3413,1000000
3414,1000000
3415,1000000
3416,1000000
3417,1000000
3418,1000000
3419,1000000
3420,1000000
3421,1000000
3422,1000000
3423,1000000
3424,1000000
3425,1000000
3426,1000000
3427,1000000
3428,1000000
3429,1000000
3430,1000000
3431,1000000
3432,1000000
3433,1000000
3434,1000000
3435,1000000
3436,1000000
3437,1000000
3438,1000000
3439,1000000
3440,1000000
3441,1000000
3442,1000000
3443,1000000
3444,1000000
3445,1000000
3446,1000000
3447,1000000
3448,1000000
3449,1000000
3450,1000000
3451,1000000
3452,1000000
3453,1000000
3454,1000000
3455,1000000
3456,1000000
3457,1000000
3458,1000000
3459,1000000
3460,1000000
3461,1000000
3462,1000000
3463,1000000
3464,1000000
3465,1000000
3466,1000000
3467,1000000
3468,1000000
3469,1000000
3470,1000000
3471,1000000
3472,1000000
3473,1000000
3474,1000000
3475,1000000
3476,1000000
3477,1000000
3478,1000000
3479,1000000
3480,1000000
3481,1000000
3482,1000000
3483,1000000
3484,1000000
3485,1000000
3486,1000000
3487,1000000
3488,1000000
3489,1000000
3490,1000000
3491,1000000
3492,1000000
3493,1000000
3494,1000000
3495,1000000
3496,1000000
3497,1000000
3498,1000000
3499,1000000
3500,1000000
3501,1000000
3502,1000000
3503,1000000
3504,1000000
3505,1000000
3506,1000000
3507,1000000
3508,1000000
3509,1000000
3510,1000000
3511,1000000
3512,1000000
3513,1000000
3514,1000000
3515,1000000
3516,1000000
3517,1000000
3518,1000000
3519,1000000
3520,1000000
3521,1000000
3522,1000000
3523,1000000
3524,1000000
3525,1000000
3526,1000000
3527,1000000
3528,1000000
3529,1000000
3530,1000000
3531,1000000
3532,1000000
3533,1000000
3534,1000000
3535,1000000
3536,1000000
3537,1000000
3538,1000000
3539,1000000
3540,1000000
3541,1000000
3542,1000000
3543,1000000
3544,1000000
3545,1000000
3546,1000000
3547,1000000
3548,1000000
3549,1000000
3550,1000000
3551,1000000
3552,1000000
3553,1000000
3554,1000000
3555,1000000
3556,1000000
3557,1000000
3558,1000000
3559,1000000
3560,1000000
3561,1000000
3562,1000000
3563,1000000
3564,1000000
3565,1000000
3566,1000000
3567,1000000
3568,1000000
3569,1000000
3570,1000000
3571,1000000
3572,1000000
3573,1000000
3574,1000000
3575,1000000
3576,1000000
3577,1000000
3578,1000000
3579,1000000
3580,1000000
3581,1000000
3582,1000000
3583,1000000
3584,1000000
3585,1000000
3586,1000000
3587,1000000
3588,1000000
3589,1000000
3590,1000000
3591,1000000
3592,1000000
3593,1000000
3594,1000000
3595,1000000
3596,1000000
3597,1000000
3598,1000000
3599,1000000
3600,1000000
3601,1000000
3602,1000000
3603,1000000
3604,1000000
3605,1000000
3606,1000000
3607,1000000
3608,1000000
3609,1000000
3610,1000000
3611,1000000
3612,1000000
3613,1000000
3614,1000000
3615,1000000
3616,1000000
3617,1000000
3618,1000000
3619,1000000
3620,1000000
3621,1000000
3622,1000000
3623,1000000
3624,1000000
3625,1000000
3626,1000000
3627,1000000
3628,1000000
3629,1000000
3630,1000000
3631,1000000
3632,1000000
3633,1000000
3634,1000000
3635,1000000
3636,1000000
3637,1000000
3638,1000000
3639,1000000
3640,1000000
3641,1000000
3642,1000000
3643,1000000
3644,1000000
3645,1000000
3646,1000000
3647,1000000
3648,1000000
3649,1000000
3650,1000000
3651,1000000
3652,1000000
3653,1000000
3654,1000000
3655,1000000
3656,1000000
3657,1000000
3658,1000000
3659,1000000
3660,1000000
3661,1000000
3662,1000000
3663,1000000
3664,1000000
3665,1000000
3666,1000000
3667,1000000
3668,1000000
3669,1000000
3670,1000000
3671,1000000
3672,1000000
3673,1000000
3674,1000000
3675,1000000
3676,1000000
3677,1000000
3678,1000000
3679,1000000
3680,1000000
3681,1000000
3682,1000000
3683,1000000
3684,1000000
3685,1000000
3686,1000000
3687,1000000
3688,1000000
3689,1000000
3690,1000000
3691,1000000
3692,1000000
3693,1000000
3694,1000000
3695,1000000
3696,1000000
3697,1000000
3698,1000000
3699,1000000
3700,1000000
3701,1000000
3702,1000000
3703,1000000
3704,1000000
3705,1000000
3706,1000000
3707,1000000
3708,1000000
3709,1000000
3710,1000000
3711,1000000
3712,1000000
3713,1000000
3714,1000000
3715,1000000
3716,1000000
3717,1000000
3718,1000000
3719,1000000
3720,1000000
3721,1000000
3722,1000000
3723,1000000
3724,1000000
3725,1000000
3726,1000000
3727,1000000
3728,1000000
3729,1000000
3730,1000000
3731,1000000
3732,1000000
3733,1000000
3734,1000000
3735,1000000
3736,1000000
3737,1000000
3738,1000000
3739,1000000
3740,1000000
3741,1000000
3742,1000000
3743,1000000
3744,1000000
3745,1000000
3746,1000000
3747,1000000
3748,1000000
3749,1000000
3750,1000000
3751,1000000
3752,1000000
3753,1000000
3754,1000000
3755,1000000
3756,1000000
3757,1000000
3758,1000000
3759,1000000
3760,1000000
3761,1000000
3762,1000000
3763,1000000
3764,1000000
3765,1000000
3766,1000000
3767,1000000
3768,1000000
3769,1000000
3770,1000000
3771,1000000
3772,1000000
3773,1000000
3774,1000000
3775,1000000
3776,1000000
3777,1000000
3778,1000000
3779,1000000
3780,1000000
3781,1000000
3782,1000000
3783,1000000
3784,1000000
3785,1000000
3786,1000000
3787,1000000
3788,1000000
3789,1000000
3790,1000000
3791,1000000
3792,1000000
3793,1000000
3794,1000000
3795,1000000
3796,1000000
3797,1000000
3798,1000000
3799,1000000
3800,1000000
3801,1000000
3802,1000000
3803,1000000
3804,1000000
3805,1000000
3806,1000000
3807,1000000
3808,1000000
3809,1000000
3810,1000000
3811,1000000
3812,1000000
3813,1000000
3814,1000000
3815,1000000
3816,1000000
3817,1000000
3818,1000000
3819,1000000
3820,1000000
3821,1000000
3822,1000000
3823,1000000
3824,1000000
3825,1000000
3826,1000000
3827,1000000
3828,1000000
3829,1000000
3830,1000000
3831,1000000
3832,1000000
3833,1000000
3834,1000000
3835,1000000
3836,1000000
3837,1000000
3838,1000000
3839,1000000
3840,1000000
3841,1000000
3842,1000000
3843,1000000
3844,1000000
3845,1000000
3846,1000000
3847,1000000
3848,1000000
3849,1000000
3850,1000000
3851,1000000
3852,1000000
3853,1000000
3854,1000000
3855,1000000
3856,1000000
3857,1000000
3858,1000000
3859,1000000
3860,1000000
3861,1000000
3862,1000000
3863,1000000
3864,1000000
3865,1000000
3866,1000000
3867,1000000
3868,1000000
3869,1000000
3870,1000000
3871,1000000
3872,1000000
3873,1000000
3874,1000000
3875,1000000
3876,1000000
3877,1000000
3878,1000000
3879,1000000
3880,1000000
3881,1000000
3882,1000000
3883,1000000
3884,1000000
3885,1000000
3886,1000000
3887,1000000
3888,1000000
3889,1000000
3890,1000000
3891,1000000
3892,1000000
3893,1000000
3894,1000000
3895,1000000
3896,1000000
3897,1000000
3898,1000000
3899,1000000
3900,1000000
3901,1000000
3902,1000000
3903,1000000
3904,1000000
3905,1000000
3906,1000000
3907,1000000
3908,1000000
3909,1000000
3910,1000000
3911,1000000
3912,1000000
3913,1000000
3914,1000000
3915,1000000
3916,1000000
3917,1000000
3918,1000000
3919,1000000
3920,1000000
3921,1000000
3922,1000000
3923,1000000
3924,1000000
3925,1000000
3926,1000000
3927,1000000
3928,1000000
3929,1000000
3930,1000000
3931,1000000
3932,1000000
3933,1000000
3934,1000000
3935,1000000
3936,1000000
3937,1000000
3938,1000000
3939,1000000
3940,1000000
3941,1000000
3942,1000000
3943,1000000
3944,1000000
3945,1000000
3946,1000000
3947,1000000
3948,1000000
3949,1000000
3950,1000000
3951,1000000
3952,1000000
3953,1000000
3954,1000000
3955,1000000
3956,1000000
3957,1000000
3958,1000000
3959,1000000
3960,1000000
3961,1000000
3962,1000000
3963,1000000
3964,1000000
3965,1000000
3966,1000000
3967,1000000
3968,1000000
3969,1000000
3970,1000000
3971,1000000
3972,1000000
3973,1000000
3974,1000000
3975,1000000
3976,1000000
3977,1000000
3978,1000000
3979,1000000
3980,1000000
3981,1000000
3982,1000000
3983,1000000
3984,1000000
3985,1000000
3986,1000000
3987,1000000
3988,1000000
3989,1000000
3990,1000000
3991,1000000
3992,1000000
3993,1000000
3994,1000000
3995,1000000
3996,1000000
3997,1000000
3998,1000000
3999,1000000
4000,1000000
4001,1000000
4002,1000000
4003,1000000
4004,1000000
4005,1000000
4006,1000000
4007,1000000
4008,1000000
4009,1000000
4010,1000000
4011,1000000
4012,1000000
4013,1000000
4014,1000000
4015,1000000
4016,1000000
4017,1000000
4018,1000000
4019,1000000
4020,1000000
4021,1000000
4022,1000000
4023,1000000
4024,1000000
4025,1000000
4026,1000000
4027,1000000
4028,1000000
4029,1000000
4030,1000000
4031,1000000
4032,1000000
4033,1000000
4034,1000000
4035,1000000
4036,1000000
4037,1000000
4038,1000000
4039,1000000
4040,1000000
4041,1000000
4042,1000000
4043,1000000
4044,1000000
4045,1000000
4046,1000000
4047,1000000
4048,1000000
4049,1000000
4050,1000000
4051,1000000
4052,1000000
4053,1000000
4054,1000000
4055,1000000
4056,1000000
4057,1000000
4058,1000000
4059,1000000
4060,1000000
4061,1000000
4062,1000000
4063,1000000
4064,1000000
4065,1000000
4066,1000000
4067,1000000
4068,1000000
4069,1000000
4070,1000000
4071,1000000
4072,1000000
4073,1000000
4074,1000000
4075,1000000
4076,1000000
4077,1000000
4078,1000000
4079,1000000
4080,1000000
4081,1000000
4082,1000000
4083,1000000
4084,1000000
4085,1000000
4086,1000000
4087,1000000
4088,1000000
4089,1000000
4090,1000000
4091,1000000
4092,1000000
4093,1000000
4094,1000000
4095,1000000
4096,1000000
4097,1000000
4098,1000000
4099,1000000
4100,1000000
4101,1000000
4102,1000000
4103,1000000
4104,1000000
4105,1000000
4106,1000000
4107,1000000
4108,1000000
4109,1000000
4110,1000000
4111,1000000
4112,1000000
4113,1000000
4114,1000000
4115,1000000
4116,1000000
4117,1000000
4118,1000000
4119,1000000
4120,1000000
4121,1000000
4122,1000000
4123,1000000
4124,1000000
4125,1000000
4126,1000000
4127,1000000
4128,1000000
4129,1000000
4130,1000000
4131,1000000
4132,1000000
4133,1000000
4134,1000000
4135,1000000
4136,1000000
4137,1000000
4138,1000000
4139,1000000
4140,1000000
4141,1000000
4142,1000000
4143,1000000
4144,1000000
4145,1000000
4146,1000000
4147,1000000
4148,1000000
4149,1000000
4150,1000000
4151,1000000
4152,1000000
4153,1000000
4154,1000000
4155,1000000
4156,1000000
4157,1000000
4158,1000000
4159,1000000
4160,1000000
4161,1000000
4162,1000000
4163,1000000
4164,1000000
4165,1000000
4166,1000000
4167,1000000
4168,1000000
4169,1000000
4170,1000000
4171,1000000
4172,1000000
4173,1000000
4174,1000000
4175,1000000
4176,1000000
4177,1000000
4178,1000000
4179,1000000
4180,1000000
4181,1000000
4182,1000000
4183,1000000
4184,1000000
4185,1000000
4186,1000000
4187,1000000
4188,1000000
4189,1000000
4190,1000000
4191,1000000
4192,1000000
4193,1000000
4194,1000000
4195,1000000
4196,1000000
4197,1000000
4198,1000000
4199,1000000
4200,1000000
4201,1000000
4202,1000000
4203,1000000
4204,1000000
4205,1000000
4206,1000000
4207,1000000
4208,1000000
4209,1000000
4210,1000000
4211,1000000
4212,1000000
4213,1000000
4214,1000000
4215,1000000
4216,1000000
4217,1000000
4218,1000000
4219,1000000
4220,1000000
4221,1000000
4222,1000000
4223,1000000
4224,1000000
4225,1000000
4226,1000000
4227,1000000
4228,1000000
4229,1000000
4230,1000000
4231,1000000
4232,1000000
4233,1000000
4234,1000000
4235,1000000
4236,1000000
4237,1000000
4238,1000000
4239,1000000
4240,1000000
4241,1000000
4242,1000000
4243,1000000
4244,1000000
4245,1000000
4246,1000000
4247,1000000
4248,1000000
4249,1000000
4250,1000000
4251,1000000
4252,1000000
4253,1000000
4254,1000000
4255,1000000
4256,1000000
4257,1000000
4258,1000000
4259,1000000
4260,1000000
4261,1000000
4262,1000000
4263,1000000
4264,1000000
4265,1000000
4266,1000000
4267,1000000
4268,1000000
4269,1000000
4270,1000000
4271,1000000
4272,1000000
4273,1000000
4274,1000000
4275,1000000
4276,1000000
4277,1000000
4278,1000000
4279,1000000
4280,1000000
4281,1000000
4282,1000000
4283,1000000
4284,1000000
4285,1000000
4286,1000000
4287,1000000
4288,1000000
4289,1000000
4290,1000000
4291,1000000
4292,1000000
4293,1000000
4294,1000000
4295,1000000
4296,1000000
4297,1000000
4298,1000000
4299,1000000
4300,1000000
4301,1000000
4302,1000000
4303,1000000
4304,1000000
4305,1000000
4306,1000000
4307,1000000
4308,1000000
4309,1000000
4310,1000000
4311,1000000
4312,1000000
4313,1000000
4314,1000000
4315,1000000
4316,1000000
4317,1000000
4318,1000000
4319,1000000
4320,1000000
4321,1000000
4322,1000000
4323,1000000
4324,1000000
4325,1000000
4326,1000000
4327,1000000
4328,1000000
4329,1000000
4330,1000000
4331,1000000
4332,1000000
4333,1000000
4334,1000000
4335,1000000
4336,1000000
4337,1000000
4338,1000000
4339,1000000
4340,1000000
4341,1000000
4342,1000000
4343,1000000
4344,1000000
4345,1000000
4346,1000000
4347,1000000
4348,1000000
4349,1000000
4350,1000000
4351,1000000
4352,1000000
4353,1000000
4354,1000000
4355,1000000
4356,1000000
4357,1000000
4358,1000000
4359,1000000
4360,1000000
4361,1000000
4362,1000000
4363,1000000
4364,1000000
4365,1000000
4366,1000000
4367,1000000
4368,1000000
4369,1000000
4370,1000000
4371,1000000
4372,1000000
4373,1000000
4374,1000000
4375,1000000
4376,1000000
4377,1000000
4378,1000000
4379,1000000
4380,1000000
4381,1000000
4382,1000000
4383,1000000
4384,1000000
4385,1000000
4386,1000000
4387,1000000
4388,1000000
4389,1000000
4390,1000000
4391,1000000
4392,1000000
4393,1000000
4394,1000000
4395,1000000
4396,1000000
4397,1000000
4398,1000000
4399,1000000
4400,1000000
4401,1000000
4402,1000000
4403,1000000
4404,1000000
4405,1000000
4406,1000000
4407,1000000
4408,1000000
4409,1000000
4410,1000000
4411,1000000
4412,1000000
4413,1000000
4414,1000000
4415,1000000
4416,1000000
4417,1000000
4418,1000000
4419,1000000
4420,1000000
4421,1000000
4422,1000000
4423,1000000
4424,1000000
4425,1000000
4426,1000000
4427,1000000
4428,1000000
4429,1000000
4430,1000000
4431,1000000
4432,1000000
4433,1000000
4434,1000000
4435,1000000
4436,1000000
4437,1000000
4438,1000000
4439,1000000
4440,1000000
4441,1000000
4442,1000000
4443,1000000
4444,1000000
4445,1000000
4446,1000000
4447,1000000
4448,1000000
4449,1000000
4450,1000000
4451,1000000
4452,1000000
4453,1000000
4454,1000000
4455,1000000
4456,1000000
4457,1000000
4458,1000000
4459,1000000
4460,1000000
4461,1000000
4462,1000000
4463,1000000
4464,1000000
4465,1000000
4466,1000000
4467,1000000
4468,1000000
4469,1000000
4470,1000000
4471,1000000
4472,1000000
4473,1000000
4474,1000000
4475,1000000
4476,1000000
4477,1000000
4478,1000000
4479,1000000
4480,1000000
4481,1000000
4482,1000000
4483,1000000
4484,1000000
4485,1000000
4486,1000000
4487,1000000
4488,1000000
4489,1000000
4490,1000000
4491,1000000
4492,1000000
4493,1000000
4494,1000000
4495,1000000
4496,1000000
4497,1000000
4498,1000000
4499,1000000
4500,1000000
4501,1000000
4502,1000000
4503,1000000
4504,1000000
4505,1000000
4506,1000000
4507,1000000
4508,1000000
4509,1000000
4510,1000000
4511,1000000
4512,1000000
4513,1000000
4514,1000000
4515,1000000
4516,1000000
4517,1000000
4518,1000000
4519,1000000
4520,1000000
4521,1000000
4522,1000000
4523,1000000
4524,1000000
4525,1000000
4526,1000000
4527,1000000
4528,1000000
4529,1000000
4530,1000000
4531,1000000
4532,1000000
4533,1000000
4534,1000000
4535,1000000
4536,1000000
4537,1000000
4538,1000000
4539,1000000
4540,1000000
4541,1000000
4542,1000000
4543,1000000
4544,1000000
4545,1000000
4546,1000000
4547,1000000
4548,1000000
4549,1000000
4550,1000000
4551,1000000
4552,1000000
4553,1000000
4554,1000000
4555,1000000
4556,1000000
4557,1000000
4558,1000000
4559,1000000
4560,1000000
4561,1000000
4562,1000000
4563,1000000
4564,1000000
4565,1000000
4566,1000000
4567,1000000
4568,1000000
4569,1000000
4570,1000000
4571,1000000
4572,1000000
4573,1000000
4574,1000000
4575,1000000
4576,1000000
4577,1000000
4578,1000000
4579,1000000
4580,1000000
4581,1000000
4582,1000000
4583,1000000
4584,1000000
4585,1000000
4586,1000000
4587,1000000
4588,1000000
4589,1000000
4590,1000000
4591,1000000
4592,1000000
4593,1000000
4594,1000000
4595,1000000
4596,1000000
4597,1000000
4598,1000000
4599,1000000
4600,1000000
4601,1000000
4602,1000000
4603,1000000
4604,1000000
4605,1000000
4606,1000000
4607,1000000
4608,1000000
4609,1000000
4610,1000000
4611,1000000
4612,1000000
4613,1000000
4614,1000000
4615,1000000
4616,1000000
4617,1000000
4618,1000000
4619,1000000
4620,1000000
4621,1000000
4622,1000000
4623,1000000
4624,1000000
4625,1000000
4626,1000000
4627,1000000
4628,1000000
4629,1000000
4630,1000000
4631,1000000
4632,1000000
4633,1000000
4634,1000000
4635,1000000
4636,1000000
4637,1000000
4638,1000000
4639,1000000
4640,1000000
4641,1000000
4642,1000000
4643,1000000
4644,1000000
4645,1000000
4646,1000000
4647,1000000
4648,1000000
4649,1000000
4650,1000000
4651,1000000
4652,1000000
4653,1000000
4654,1000000
4655,1000000
4656,1000000
4657,1000000
4658,1000000
4659,1000000
4660,1000000
4661,1000000
4662,1000000
4663,1000000
4664,1000000
4665,1000000
4666,1000000
4667,1000000
4668,1000000
4669,1000000
4670,1000000
4671,1000000
4672,1000000
4673,1000000
4674,1000000
4675,1000000
4676,1000000
4677,1000000
4678,1000000
4679,1000000
4680,1000000
4681,1000000
4682,1000000
4683,1000000
4684,1000000
4685,1000000
4686,1000000
4687,1000000
4688,1000000
4689,1000000
4690,1000000
4691,1000000
4692,1000000
4693,1000000
4694,1000000
4695,1000000
4696,1000000
4697,1000000
4698,1000000
4699,1000000
4700,1000000
4701,1000000
4702,1000000
4703,1000000
4704,1000000
4705,1000000
4706,1000000
4707,1000000
4708,1000000
4709,1000000
4710,1000000
4711,1000000
4712,1000000
4713,1000000
4714,1000000
4715,1000000
4716,1000000
4717,1000000
4718,1000000
4719,1000000
4720,1000000
4721,1000000
4722,1000000
4723,1000000
4724,1000000
4725,1000000
4726,1000000
4727,1000000
4728,1000000
4729,1000000
4730,1000000
4731,1000000
4732,1000000
4733,1000000
4734,1000000
4735,1000000
4736,1000000
4737,1000000
4738,1000000
4739,1000000
4740,1000000
4741,1000000
4742,1000000
4743,1000000
4744,1000000
4745,1000000
4746,1000000
4747,1000000
4748,1000000
4749,1000000
4750,1000000
4751,1000000
4752,1000000
4753,1000000
4754,1000000
4755,1000000
4756,1000000
4757,1000000
4758,1000000
4759,1000000
4760,1000000
4761,1000000
4762,1000000
4763,1000000
4764,1000000
4765,1000000
4766,1000000
4767,1000000
4768,1000000
4769,1000000
4770,1000000
4771,1000000
4772,1000000
4773,1000000
4774,1000000
4775,1000000
4776,1000000
4777,1000000
4778,1000000
4779,1000000
4780,1000000
4781,1000000
4782,1000000
4783,1000000
4784,1000000
4785,1000000
4786,1000000
4787,1000000
4788,1000000
4789,1000000
4790,1000000
4791,1000000
4792,1000000
4793,1000000
4794,1000000
4795,1000000
4796,1000000
4797,1000000
4798,1000000
4799,1000000
4800,1000000
4801,1000000
4802,1000000
4803,1000000
4804,1000000
4805,1000000
4806,1000000
4807,1000000
4808,1000000
4809,1000000
4810,1000000
4811,1000000
4812,1000000
4813,1000000
4814,1000000
4815,1000000
4816,1000000
4817,1000000
4818,1000000
4819,1000000
4820,1000000
4821,1000000
4822,1000000
4823,1000000
4824,1000000
4825,1000000
4826,1000000
4827,1000000
4828,1000000
4829,1000000
4830,1000000
4831,1000000
4832,1000000
4833,1000000
4834,1000000
4835,1000000
4836,1000000
4837,1000000
4838,1000000
4839,1000000
4840,1000000
4841,1000000
4842,1000000
4843,1000000
4844,1000000
4845,1000000
4846,1000000
4847,1000000
4848,1000000
4849,1000000
4850,1000000
4851,1000000
4852,1000000
4853,1000000
4854,1000000
4855,1000000
4856,1000000
4857,1000000
4858,1000000
4859,1000000
4860,1000000
4861,1000000
4862,1000000
4863,1000000
4864,1000000
4865,1000000
4866,1000000
4867,1000000
4868,1000000
4869,1000000
4870,1000000
4871,1000000
4872,1000000
4873,1000000
4874,1000000
4875,1000000
4876,1000000
4877,1000000
4878,1000000
4879,1000000
4880,1000000
4881,1000000
4882,1000000
4883,1000000
4884,1000000
4885,1000000
4886,1000000
4887,1000000
4888,1000000
4889,1000000
4890,1000000
4891,1000000
4892,1000000
4893,1000000
4894,1000000
4895,1000000
4896,1000000
4897,1000000
4898,1000000
4899,1000000
4900,1000000
4901,1000000
4902,1000000
4903,1000000
4904,1000000
4905,1000000
4906,1000000
4907,1000000
4908,1000000
4909,1000000
4910,1000000
4911,1000000
4912,1000000
4913,1000000
4914,1000000
4915,1000000
4916,1000000
4917,1000000
4918,1000000
4919,1000000
4920,1000000
4921,1000000
4922,1000000
4923,1000000
4924,1000000
4925,1000000
4926,1000000
4927,1000000
4928,1000000
4929,1000000
4930,1000000
4931,1000000
4932,1000000
4933,1000000
4934,1000000
4935,1000000
4936,1000000
4937,1000000
4938,1000000
4939,1000000
4940,1000000
4941,1000000
4942,1000000
4943,1000000
4944,1000000
4945,1000000
4946,1000000
4947,1000000
4948,1000000
4949,1000000
4950,1000000
4951,1000000
4952,1000000
4953,1000000
4954,1000000
4955,1000000
4956,1000000
4957,1000000
4958,1000000
4959,1000000
4960,1000000
4961,1000000
4962,1000000
4963,1000000
4964,1000000
4965,1000000
4966,1000000
4967,1000000
4968,1000000
4969,1000000
4970,1000000
4971,1000000
4972,1000000
4973,1000000
4974,1000000
4975,1000000
4976,1000000
4977,1000000
4978,1000000
4979,1000000
4980,1000000
4981,1000000
4982,1000000
4983,1000000
4984,1000000
4985,1000000
4986,1000000
4987,1000000
4988,1000000
4989,1000000
4990,1000000
4991,1000000
4992,1000000
4993,1000000
4994,1000000
4995,1000000
4996,1000000
4997,1000000
4998,1000000
4999,1000000
5000,1000000
5001,1000000
5002,1000000
5003,1000000
5004,1000000
5005,1000000
5006,1000000
5007,1000000
5008,1000000
5009,1000000
5010,1000000
5011,1000000
5012,1000000
5013,1000000
5014,1000000
5015,1000000
5016,1000000
5017,1000000
5018,1000000
5019,1000000
5020,1000000
5021,1000000
5022,1000000
5023,1000000
5024,1000000
5025,1000000
5026,1000000
5027,1000000
5028,1000000
5029,1000000
5030,1000000
5031,1000000
5032,1000000
5033,1000000
5034,1000000
5035,1000000
5036,1000000
5037,1000000
5038,1000000
5039,1000000
5040,1000000
5041,1000000
5042,1000000
5043,1000000
5044,1000000
5045,1000000
5046,1000000
5047,1000000
5048,1000000
5049,1000000
5050,1000000
5051,1000000
5052,1000000
5053,1000000
5054,1000000
5055,1000000
5056,1000000
5057,1000000
5058,1000000
5059,1000000
5060,1000000
5061,1000000
5062,1000000
5063,1000000
5064,1000000
5065,1000000
5066,1000000
5067,1000000
5068,1000000
5069,1000000
5070,1000000
5071,1000000
5072,1000000
5073,1000000
5074,1000000
5075,1000000
5076,1000000
5077,1000000
5078,1000000
5079,1000000
5080,1000000
5081,1000000
5082,1000000
5083,1000000
5084,1000000
5085,1000000
5086,1000000
5087,1000000
5088,1000000
5089,1000000
5090,1000000
5091,1000000
5092,1000000
5093,1000000
5094,1000000
5095,1000000
5096,1000000
5097,1000000
5098,1000000
5099,1000000
5100,1000000
5101,1000000
5102,1000000
5103,1000000
5104,1000000
5105,1000000
5106,1000000
5107,1000000
5108,1000000
5109,1000000
5110,1000000
5111,1000000
5112,1000000
5113,1000000
5114,1000000
5115,1000000
5116,1000000
5117,1000000
5118,1000000
5119,1000000
5120,1000000
5121,1000000
5122,1000000
5123,1000000
5124,1000000
5125,1000000
5126,1000000
5127,1000000
5128,1000000
5129,1000000
5130,1000000
5131,1000000
5132,1000000
5133,1000000
5134,1000000
5135,1000000
5136,1000000
5137,1000000
5138,1000000
5139,1000000
5140,1000000
5141,1000000
5142,1000000
5143,1000000
5144,1000000
5145,1000000
5146,1000000
5147,1000000
5148,1000000
5149,1000000
5150,1000000
5151,1000000
5152,1000000
5153,1000000
5154,1000000
5155,1000000
5156,1000000
5157,1000000
5158,1000000
5159,1000000
5160,1000000
5161,1000000
5162,1000000
5163,1000000
5164,1000000
5165,1000000
5166,1000000
5167,1000000
5168,1000000
5169,1000000
5170,1000000
5171,1000000
5172,1000000
5173,1000000
5174,1000000
5175,1000000
5176,1000000
5177,1000000
5178,1000000
5179,1000000
5180,1000000
5181,1000000
5182,1000000
5183,1000000
5184,1000000
5185,1000000
5186,1000000
5187,1000000
5188,1000000
5189,1000000
5190,1000000
5191,1000000
5192,1000000
5193,1000000
5194,1000000
5195,1000000
5196,1000000
5197,1000000
5198,1000000
5199,1000000
5200,1000000
5201,1000000
5202,1000000
5203,1000000
5204,1000000
5205,1000000
5206,1000000
5207,1000000
5208,1000000
5209,1000000
5210,1000000
5211,1000000
5212,1000000
5213,1000000
5214,1000000
5215,1000000
5216,1000000
5217,1000000
5218,1000000
5219,1000000
5220,1000000
5221,1000000
5222,1000000
5223,1000000
5224,1000000
5225,1000000
5226,1000000
5227,1000000
5228,1000000
5229,1000000
5230,1000000
5231,1000000
5232,1000000
5233,1000000
5234,1000000
5235,1000000
5236,1000000
5237,1000000
5238,1000000
5239,1000000
5240,1000000
5241,1000000
5242,1000000
5243,1000000
5244,1000000
5245,1000000
5246,1000000
5247,1000000
5248,1000000
5249,1000000
5250,1000000
5251,1000000
5252,1000000
5253,1000000
5254,1000000
5255,1000000
5256,1000000
5257,1000000
5258,1000000
5259,1000000
5260,1000000
5261,1000000
5262,1000000
5263,1000000
5264,1000000
5265,1000000
5266,1000000
5267,1000000
5268,1000000
5269,1000000
5270,1000000
5271,1000000
5272,1000000
5273,1000000
5274,1000000
5275,1000000
5276,1000000
5277,1000000
5278,1000000
5279,1000000
5280,1000000
5281,1000000
5282,1000000
5283,1000000
5284,1000000
5285,1000000
5286,1000000
5287,1000000
5288,1000000
5289,1000000
5290,1000000
5291,1000000
5292,1000000
5293,1000000
5294,1000000
5295,1000000
5296,1000000
5297,1000000
5298,1000000
5299,1000000
5300,1000000
5301,1000000
5302,1000000
5303,1000000
5304,1000000
5305,1000000
5306,1000000
5307,1000000
5308,1000000
5309,1000000
5310,1000000
5311,1000000
5312,1000000
5313,1000000
5314,1000000
5315,1000000
5316,1000000
5317,1000000
5318,1000000
5319,1000000
5320,1000000
5321,1000000
5322,1000000
5323,1000000
5324,1000000
5325,1000000
5326,1000000
5327,1000000
5328,1000000
5329,1000000
5330,1000000
5331,1000000
5332,1000000
5333,1000000
5334,1000000
5335,1000000
5336,1000000
5337,1000000
5338,1000000
5339,1000000
5340,1000000
5341,1000000
5342,1000000
5343,1000000
5344,1000000
5345,1000000
5346,1000000
5347,1000000
5348,1000000
5349,1000000
5350,1000000
5351,1000000
5352,1000000
5353,1000000
5354,1000000
5355,1000000
5356,1000000
5357,1000000
5358,1000000
5359,1000000
5360,1000000
5361,1000000
5362,1000000
5363,1000000
5364,1000000
5365,1000000
5366,1000000
5367,1000000
5368,1000000
5369,1000000
5370,1000000
5371,1000000
5372,1000000
5373,1000000
5374,1000000
5375,1000000
5376,1000000
5377,1000000
5378,1000000
5379,1000000
5380,1000000
5381,1000000
5382,1000000
5383,1000000
5384,1000000
5385,1000000
5386,1000000
5387,1000000
5388,1000000
5389,1000000
5390,1000000
5391,1000000
5392,1000000
5393,1000000
5394,1000000
5395,1000000
5396,1000000
5397,1000000
5398,1000000
5399,1000000
5400,1000000
5401,1000000
5402,1000000
5403,1000000
5404,1000000
5405,1000000
5406,1000000
5407,1000000
5408,1000000
5409,1000000
5410,1000000
5411,1000000
5412,1000000
5413,1000000
5414,1000000
5415,1000000
5416,1000000
5417,1000000
5418,1000000
5419,1000000
5420,1000000
5421,1000000
5422,1000000
5423,1000000
5424,1000000
5425,1000000
5426,1000000
5427,1000000
5428,1000000
5429,1000000
5430,1000000
5431,1000000
5432,1000000
5433,1000000
5434,1000000
5435,1000000
5436,1000000
5437,1000000
5438,1000000
5439,1000000
5440,1000000
5441,1000000
5442,1000000
5443,1000000
5444,1000000
5445,1000000
5446,1000000
5447,1000000
5448,1000000
5449,1000000
5450,1000000
5451,1000000
5452,1000000
5453,1000000
5454,1000000
5455,1000000
5456,1000000
5457,1000000
5458,1000000
5459,1000000
5460,1000000
5461,1000000
5462,1000000
5463,1000000
5464,1000000
5465,1000000
5466,1000000
5467,1000000
5468,1000000
5469,1000000
5470,1000000
5471,1000000
5472,1000000
5473,1000000
5474,1000000
5475,1000000
5476,1000000
5477,1000000
5478,1000000
5479,1000000
5480,1000000
5481,1000000
5482,1000000
5483,1000000
5484,1000000
5485,1000000
5486,1000000
5487,1000000
5488,1000000
5489,1000000
5490,1000000
5491,1000000
5492,1000000
5493,1000000
5494,1000000
5495,1000000
5496,1000000
5497,1000000
5498,1000000
5499,1000000
5500,1000000
5501,1000000
5502,1000000
5503,1000000
5504,1000000
5505,1000000
5506,1000000
5507,1000000
5508,1000000
5509,1000000
5510,1000000
5511,1000000
5512,1000000
5513,1000000
5514,1000000
5515,1000000
5516,1000000
5517,1000000
5518,1000000
5519,1000000
5520,1000000
5521,1000000
5522,1000000
5523,1000000
5524,1000000
5525,1000000
5526,1000000
5527,1000000
5528,1000000
5529,1000000
5530,1000000
5531,1000000
5532,1000000
5533,1000000
5534,1000000
5535,1000000
5536,1000000
5537,1000000
5538,1000000
5539,1000000
5540,1000000
5541,1000000
5542,1000000
5543,1000000
5544,1000000
5545,1000000
5546,1000000
5547,1000000
5548,1000000
5549,1000000
5550,1000000
5551,1000000
5552,1000000
5553,1000000
5554,1000000
5555,1000000
5556,1000000
5557,1000000
5558,1000000
5559,1000000
5560,1000000
5561,1000000
5562,1000000
5563,1000000
5564,1000000
5565,1000000
5566,1000000
5567,1000000
5568,1000000
5569,1000000
5570,1000000
5571,1000000
5572,1000000
5573,1000000
5574,1000000
5575,1000000
5576,1000000
5577,1000000
5578,1000000
5579,1000000
5580,1000000
5581,1000000
5582,1000000
5583,1000000
5584,1000000
5585,1000000
5586,1000000
5587,1000000
5588,1000000
5589,1000000
5590,1000000
5591,1000000
5592,1000000
5593,1000000
5594,1000000
5595,1000000
5596,1000000
5597,1000000
5598,1000000
5599,1000000
5600,1000000
5601,1000000
5602,1000000
5603,1000000
5604,1000000
5605,1000000
5606,1000000
5607,1000000
5608,1000000
5609,1000000
5610,1000000
5611,1000000
5612,1000000
5613,1000000
5614,1000000
5615,1000000
5616,1000000
5617,1000000
5618,1000000
5619,1000000
5620,1000000
5621,1000000
5622,1000000
5623,1000000
5624,1000000
5625,1000000
5626,1000000
5627,1000000
5628,1000000
5629,1000000
5630,1000000
5631,1000000
5632,1000000
5633,1000000
5634,1000000
5635,1000000
5636,1000000
5637,1000000
5638,1000000
5639,1000000
5640,1000000
5641,1000000
5642,1000000
5643,1000000
5644,1000000
5645,1000000
5646,1000000
5647,1000000
5648,1000000
5649,1000000
5650,1000000
5651,1000000
5652,1000000
5653,1000000
5654,1000000
5655,1000000
5656,1000000
5657,1000000
5658,1000000
5659,1000000
5660,1000000
5661,1000000
5662,1000000
5663,1000000
5664,1000000
5665,1000000
5666,1000000
5667,1000000
5668,1000000
5669,1000000
5670,1000000
5671,1000000
5672,1000000
5673,1000000
5674,1000000
5675,1000000
5676,1000000
5677,1000000
5678,1000000
5679,1000000
5680,1000000
5681,1000000
5682,1000000
5683,1000000
5684,1000000
5685,1000000
5686,1000000
5687,1000000
5688,1000000
5689,1000000
5690,1000000
5691,1000000
5692,1000000
5693,1000000
5694,1000000
5695,1000000
5696,1000000
5697,1000000
5698,1000000
5699,1000000
5700,1000000
5701,1000000
5702,1000000
5703,1000000
5704,1000000
5705,1000000
5706,1000000
5707,1000000
5708,1000000
5709,1000000
5710,1000000
5711,1000000
5712,1000000
5713,1000000
5714,1000000
5715,1000000
5716,1000000
5717,1000000
5718,1000000
5719,1000000
5720,1000000
5721,1000000
5722,1000000
5723,1000000
5724,1000000
5725,1000000
5726,1000000
5727,1000000
5728,1000000
5729,1000000
5730,1000000
5731,1000000
5732,1000000
5733,1000000
5734,1000000
5735,1000000
5736,1000000
5737,1000000
5738,1000000
5739,1000000
5740,1000000
5741,1000000
5742,1000000
5743,1000000
5744,1000000
5745,1000000
5746,1000000
5747,1000000
5748,1000000
5749,1000000
5750,1000000
5751,1000000
5752,1000000
5753,1000000
5754,1000000
5755,1000000
5756,1000000
5757,1000000
5758,1000000
5759,1000000
5760,1000000
5761,1000000
5762,1000000
5763,1000000
5764,1000000
5765,1000000
5766,1000000
5767,1000000
5768,1000000
5769,1000000
5770,1000000
5771,1000000
5772,1000000
5773,1000000
5774,1000000
5775,1000000
5776,1000000
5777,1000000
5778,1000000
5779,1000000
5780,1000000
5781,1000000
5782,1000000
5783,1000000
5784,1000000
5785,1000000
5786,1000000
5787,1000000
5788,1000000
5789,1000000
5790,1000000
5791,1000000
5792,1000000
5793,1000000
5794,1000000
5795,1000000
5796,1000000
5797,1000000
5798,1000000
5799,1000000
5800,1000000
5801,1000000
5802,1000000
5803,1000000
5804,1000000
5805,1000000
5806,1000000
5807,1000000
5808,1000000
5809,1000000
5810,1000000
5811,1000000
5812,1000000
5813,1000000
5814,1000000
5815,1000000
5816,1000000
5817,1000000
5818,1000000
5819,1000000
5820,1000000
5821,1000000
5822,1000000
5823,1000000
5824,1000000
5825,1000000
5826,1000000
5827,1000000
5828,1000000
5829,1000000
5830,1000000
5831,1000000
5832,1000000
5833,1000000
5834,1000000
5835,1000000
5836,1000000
5837,1000000
5838,1000000
5839,1000000
5840,1000000
5841,1000000
5842,1000000
5843,1000000
5844,1000000
5845,1000000
5846,1000000
5847,1000000
5848,1000000
5849,1000000
5850,1000000
5851,1000000
5852,1000000
5853,1000000
5854,1000000
5855,1000000
5856,1000000
5857,1000000
5858,1000000
5859,1000000
5860,1000000
5861,1000000
5862,1000000
5863,1000000
5864,1000000
5865,1000000
5866,1000000
5867,1000000
5868,1000000
5869,1000000
5870,1000000
5871,1000000
5872,1000000
5873,1000000
5874,1000000
5875,1000000
5876,1000000
5877,1000000
5878,1000000
5879,1000000
5880,1000000
5881,1000000
5882,1000000
5883,1000000
5884,1000000
5885,1000000
5886,1000000
5887,1000000
5888,1000000
5889,1000000
5890,1000000
5891,1000000
5892,1000000
5893,1000000
5894,1000000
5895,1000000
5896,1000000
5897,1000000
5898,1000000
5899,1000000
5900,1000000
5901,1000000
5902,1000000
5903,1000000
5904,1000000
5905,1000000
5906,1000000
5907,1000000
5908,1000000
5909,1000000
5910,1000000
5911,1000000
5912,1000000
5913,1000000
5914,1000000
5915,1000000
5916,1000000
5917,1000000
5918,1000000
5919,1000000
5920,1000000
5921,1000000
5922,1000000
5923,1000000
5924,1000000
5925,1000000
5926,1000000
5927,1000000
5928,1000000
5929,1000000
5930,1000000
5931,1000000
5932,1000000
5933,1000000
5934,1000000
5935,1000000
5936,1000000
5937,1000000
5938,1000000
5939,1000000
5940,1000000
5941,1000000
5942,1000000
5943,1000000
5944,1000000
5945,1000000
5946,1000000
5947,1000000
5948,1000000
5949,1000000
5950,1000000
5951,1000000
5952,1000000
5953,1000000
5954,1000000
5955,1000000
5956,1000000
5957,1000000
5958,1000000
5959,1000000
5960,1000000
5961,1000000
5962,1000000
5963,1000000
5964,1000000
5965,1000000
5966,1000000
5967,1000000
5968,1000000
5969,1000000
5970,1000000
5971,1000000
5972,1000000
5973,1000000
5974,1000000
5975,1000000
5976,1000000
5977,1000000
5978,1000000
5979,1000000
5980,1000000
5981,1000000
5982,1000000
5983,1000000
5984,1000000
5985,1000000
5986,1000000
5987,1000000
5988,1000000
5989,1000000
5990,1000000
5991,1000000
5992,1000000
5993,1000000
5994,1000000
5995,1000000
5996,1000000
5997,1000000
5998,1000000
5999,1000000
6000,1000000
6001,1000000
6002,1000000
6003,1000000
6004,1000000
6005,1000000
6006,1000000
6007,1000000
6008,1000000
6009,1000000
6010,1000000
6011,1000000
6012,1000000
6013,1000000
6014,1000000
6015,1000000
6016,1000000
6017,1000000
6018,1000000
6019,1000000
6020,1000000
6021,1000000
6022,1000000
6023,1000000
6024,1000000
6025,1000000
6026,1000000
6027,1000000
6028,1000000
6029,1000000
6030,1000000
6031,1000000
6032,1000000
6033,1000000
6034,1000000
6035,1000000
6036,1000000
6037,1000000
6038,1000000
6039,1000000
6040,1000000
6041,1000000
6042,1000000
6043,1000000
6044,1000000
6045,1000000
6046,1000000
6047,1000000
6048,1000000
6049,1000000
6050,1000000
6051,1000000
6052,1000000
6053,1000000
6054,1000000
6055,1000000
6056,1000000
6057,1000000
6058,1000000
6059,1000000
6060,1000000
6061,1000000
6062,1000000
6063,1000000
6064,1000000
6065,1000000
6066,1000000
6067,1000000
6068,1000000
6069,1000000
6070,1000000
6071,1000000
6072,1000000
6073,1000000
6074,1000000
6075,1000000
6076,1000000
6077,1000000
6078,1000000
6079,1000000
6080,1000000
6081,1000000
6082,1000000
6083,1000000
6084,1000000
6085,1000000
6086,1000000
6087,1000000
6088,1000000
6089,1000000
6090,1000000
6091,1000000
6092,1000000
6093,1000000
6094,1000000
6095,1000000
6096,1000000
6097,1000000
6098,1000000
6099,1000000
6100,1000000
6101,1000000
6102,1000000
6103,1000000
6104,1000000
6105,1000000
6106,1000000
6107,1000000
6108,1000000
6109,1000000
6110,1000000
6111,1000000
6112,1000000
6113,1000000
6114,1000000
6115,1000000
6116,1000000
6117,1000000
6118,1000000
6119,1000000
6120,1000000
6121,1000000
6122,1000000
6123,1000000
6124,1000000
6125,1000000
6126,1000000
6127,1000000
6128,1000000
6129,1000000
6130,1000000
6131,1000000
6132,1000000
6133,1000000
6134,1000000
6135,1000000
6136,1000000
6137,1000000
6138,1000000
6139,1000000
6140,1000000
6141,1000000
6142,1000000
6143,1000000
6144,1000000
6145,1000000
6146,1000000
6147,1000000
6148,1000000
6149,1000000
6150,1000000
6151,1000000
6152,1000000
6153,1000000
6154,1000000
6155,1000000
6156,1000000
6157,1000000
6158,1000000
6159,1000000
6160,1000000
6161,1000000
6162,1000000
6163,1000000
6164,1000000
6165,1000000
6166,1000000
6167,1000000
6168,1000000
6169,1000000
6170,1000000
6171,1000000
6172,1000000
6173,1000000
6174,1000000
6175,1000000
6176,1000000
6177,1000000
6178,1000000
6179,1000000
6180,1000000
6181,1000000
6182,1000000
6183,1000000
6184,1000000
6185,1000000
6186,1000000
6187,1000000
6188,1000000
6189,1000000
6190,1000000
6191,1000000
6192,1000000
6193,1000000
6194,1000000
6195,1000000
6196,1000000
6197,1000000
6198,1000000
6199,1000000
6200,1000000
6201,1000000
6202,1000000
6203,1000000
6204,1000000
6205,1000000
6206,1000000
6207,1000000
6208,1000000
6209,1000000
6210,1000000
6211,1000000
6212,1000000
6213,1000000
6214,1000000
6215,1000000
6216,1000000
6217,1000000
6218,1000000
6219,1000000
6220,1000000
6221,1000000
6222,1000000
6223,1000000
6224,1000000
6225,1000000
6226,1000000
6227,1000000
6228,1000000
6229,1000000
6230,1000000
6231,1000000
6232,1000000
6233,1000000
6234,1000000
6235,1000000
6236,1000000
6237,1000000
6238,1000000
6239,1000000
6240,1000000
6241,1000000
6242,1000000
6243,1000000
6244,1000000
6245,1000000
6246,1000000
6247,1000000
6248,1000000
6249,1000000
6250,1000000
6251,1000000
6252,1000000
6253,1000000
6254,1000000
6255,1000000
6256,1000000
6257,1000000
6258,1000000
6259,1000000
6260,1000000
6261,1000000
6262,1000000
6263,1000000
6264,1000000
6265,1000000
6266,1000000
6267,1000000
6268,1000000
6269,1000000
6270,1000000
6271,1000000
6272,1000000
6273,1000000
6274,1000000
6275,1000000
6276,1000000
6277,1000000
6278,1000000
6279,1000000
6280,1000000
6281,1000000
6282,1000000
6283,1000000
6284,1000000
6285,1000000
6286,1000000
6287,1000000
6288,1000000
6289,1000000
6290,1000000
6291,1000000
6292,1000000
6293,1000000
6294,1000000
6295,1000000
6296,1000000
6297,1000000
6298,1000000
6299,1000000
6300,1000000
6301,1000000
6302,1000000
6303,1000000
6304,1000000
6305,1000000
6306,1000000
6307,1000000
6308,1000000
6309,1000000
6310,1000000
6311,1000000
6312,1000000
6313,1000000
6314,1000000
6315,1000000
6316,1000000
6317,1000000
6318,1000000
6319,1000000
6320,1000000
6321,1000000
6322,1000000
6323,1000000
6324,1000000
6325,1000000
6326,1000000
6327,1000000
6328,1000000
6329,1000000
6330,1000000
6331,1000000
6332,1000000
6333,1000000
6334,1000000
6335,1000000
6336,1000000
6337,1000000
6338,1000000
6339,1000000
6340,1000000
6341,1000000
6342,1000000
6343,1000000
6344,1000000
6345,1000000
6346,1000000
6347,1000000
6348,1000000
6349,1000000
6350,1000000
6351,1000000
6352,1000000
6353,1000000
6354,1000000
6355,1000000
6356,1000000
6357,1000000
6358,1000000
6359,1000000
6360,1000000
6361,1000000
6362,1000000
6363,1000000
6364,1000000
6365,1000000
6366,1000000
6367,1000000
6368,1000000
6369,1000000
6370,1000000
6371,1000000
6372,1000000
6373,1000000
6374,1000000
6375,1000000
6376,1000000
6377,1000000
6378,1000000
6379,1000000
6380,1000000
6381,1000000
6382,1000000
6383,1000000
6384,1000000
6385,1000000
6386,1000000
6387,1000000
6388,1000000
6389,1000000
6390,1000000
6391,1000000
6392,1000000
6393,1000000
6394,1000000
6395,1000000
6396,1000000
6397,1000000
6398,1000000
6399,1000000
6400,1000000
6401,1000000
6402,1000000
6403,1000000
6404,1000000
6405,1000000
6406,1000000
6407,1000000
6408,1000000
6409,1000000
6410,1000000
6411,1000000
6412,1000000
6413,1000000
6414,1000000
6415,1000000
6416,1000000
6417,1000000
6418,1000000
6419,1000000
6420,1000000
6421,1000000
6422,1000000
6423,1000000
6424,1000000
6425,1000000
6426,1000000
6427,1000000
6428,1000000
6429,1000000
6430,1000000
6431,1000000
6432,1000000
6433,1000000
6434,1000000
6435,1000000
6436,1000000
6437,1000000
6438,1000000
6439,1000000
6440,1000000
6441,1000000
6442,1000000
6443,1000000
6444,1000000
6445,1000000
6446,1000000
6447,1000000
6448,1000000
6449,1000000
6450,1000000
6451,1000000
6452,1000000
6453,1000000
6454,1000000
6455,1000000
6456,1000000
6457,1000000
6458,1000000
6459,1000000
6460,1000000
6461,1000000
6462,1000000
6463,1000000
6464,1000000
6465,1000000
6466,1000000
6467,1000000
6468,1000000
6469,1000000
6470,1000000
6471,1000000
6472,1000000
6473,1000000
6474,1000000
6475,1000000
6476,1000000
6477,1000000
6478,1000000
6479,1000000
6480,1000000
6481,1000000
6482,1000000
6483,1000000
6484,1000000
6485,1000000
6486,1000000
6487,1000000
6488,1000000
6489,1000000
6490,1000000
6491,1000000
6492,1000000
6493,1000000
6494,1000000
6495,1000000
6496,1000000
6497,1000000
6498,1000000
6499,1000000
6500,1000000
6501,1000000
6502,1000000
6503,1000000
6504,1000000
6505,1000000
6506,1000000
6507,1000000
6508,1000000
6509,1000000
6510,1000000
6511,1000000
6512,1000000
6513,1000000
6514,1000000
6515,1000000
6516,1000000
6517,1000000
6518,1000000
6519,1000000
6520,1000000
6521,1000000
6522,1000000
6523,1000000
6524,1000000
6525,1000000
6526,1000000
6527,1000000
6528,1000000
6529,1000000
6530,1000000
6531,1000000
6532,1000000
6533,1000000
6534,1000000
6535,1000000
6536,1000000
6537,1000000
6538,1000000
6539,1000000
6540,1000000
6541,1000000
6542,1000000
6543,1000000
6544,1000000
6545,1000000
6546,1000000
6547,1000000
6548,1000000
6549,1000000
6550,1000000
6551,1000000
6552,1000000
6553,1000000
6554,1000000
6555,1000000
6556,1000000
6557,1000000
6558,1000000
6559,1000000
6560,1000000
6561,1000000
6562,1000000
6563,1000000
6564,1000000
6565,1000000
6566,1000000
6567,1000000
6568,1000000
6569,1000000
6570,1000000
6571,1000000
6572,1000000
6573,1000000
6574,1000000
6575,1000000
6576,1000000
6577,1000000
6578,1000000
6579,1000000
6580,1000000
6581,1000000
6582,1000000
6583,1000000
6584,1000000
6585,1000000
6586,1000000
6587,1000000
6588,1000000
6589,1000000
6590,1000000
6591,1000000
6592,1000000
6593,1000000
6594,1000000
6595,1000000
6596,1000000
6597,1000000
6598,1000000
6599,1000000
6600,1000000
6601,1000000
6602,1000000
6603,1000000
6604,1000000
6605,1000000
6606,1000000
6607,1000000
6608,1000000
6609,1000000
6610,1000000
6611,1000000
6612,1000000
6613,1000000
6614,1000000
6615,1000000
6616,1000000
6617,1000000
6618,1000000
6619,1000000
6620,1000000
6621,1000000
6622,1000000
6623,1000000
6624,1000000
6625,1000000
6626,1000000
6627,1000000
6628,1000000
6629,1000000
6630,1000000
6631,1000000
6632,1000000
6633,1000000
6634,1000000
6635,1000000
6636,1000000
6637,1000000
6638,1000000
6639,1000000
6640,1000000
6641,1000000
6642,1000000
6643,1000000
6644,1000000
6645,1000000
6646,1000000
6647,1000000
6648,1000000
6649,1000000
6650,1000000
6651,1000000
6652,1000000
6653,1000000
6654,1000000
6655,1000000
6656,1000000
6657,1000000
6658,1000000
6659,1000000
6660,1000000
6661,1000000
6662,1000000
6663,1000000
6664,1000000
6665,1000000
6666,1000000
6667,1000000
6668,1000000
6669,1000000
6670,1000000
6671,1000000
6672,1000000
6673,1000000
6674,1000000
6675,1000000
6676,1000000
6677,1000000
6678,1000000
6679,1000000
6680,1000000
6681,1000000
6682,1000000
6683,1000000
6684,1000000
6685,1000000
6686,1000000
6687,1000000
6688,1000000
6689,1000000
6690,1000000
6691,1000000
6692,1000000
6693,1000000
6694,1000000
6695,1000000
6696,1000000
6697,1000000
6698,1000000
6699,1000000
6700,1000000
6701,1000000
6702,1000000
6703,1000000
6704,1000000
6705,1000000
6706,1000000
6707,1000000
6708,1000000
6709,1000000
6710,1000000
6711,1000000
6712,1000000
6713,1000000
6714,1000000
6715,1000000
6716,1000000
6717,1000000
6718,1000000
6719,1000000
6720,1000000
6721,1000000
6722,1000000
6723,1000000
6724,1000000
6725,1000000
6726,1000000
6727,1000000
6728,1000000
6729,1000000
6730,1000000
6731,1000000
6732,1000000
6733,1000000
6734,1000000
6735,1000000
6736,1000000
6737,1000000
6738,1000000
6739,1000000
6740,1000000
6741,1000000
6742,1000000
6743,1000000
6744,1000000
6745,1000000
6746,1000000
6747,1000000
6748,1000000
6749,1000000
6750,1000000
6751,1000000
6752,1000000
6753,1000000
6754,1000000
6755,1000000
6756,1000000
6757,1000000
6758,1000000
6759,1000000
6760,1000000
6761,1000000
6762,1000000
6763,1000000
6764,1000000
6765,1000000
6766,1000000
6767,1000000
6768,1000000
6769,1000000
6770,1000000
6771,1000000
6772,1000000
6773,1000000
6774,1000000
6775,1000000
6776,1000000
6777,1000000
6778,1000000
6779,1000000
6780,1000000
6781,1000000
6782,1000000
6783,1000000
6784,1000000
6785,1000000
6786,1000000
6787,1000000
6788,1000000
6789,1000000
6790,1000000
6791,1000000
6792,1000000
6793,1000000
6794,1000000
6795,1000000
6796,1000000
6797,1000000
6798,1000000
6799,1000000
6800,1000000
6801,1000000
6802,1000000
6803,1000000
6804,1000000
6805,1000000
6806,1000000
6807,1000000
6808,1000000
6809,1000000
6810,1000000
6811,1000000
6812,1000000
6813,1000000
6814,1000000
6815,1000000
6816,1000000
6817,1000000
6818,1000000
6819,1000000
6820,1000000
6821,1000000
6822,1000000
6823,1000000
6824,1000000
6825,1000000
6826,1000000
6827,1000000
6828,1000000
6829,1000000
6830,1000000
6831,1000000
6832,1000000
6833,1000000
6834,1000000
6835,1000000
6836,1000000
6837,1000000
6838,1000000
6839,1000000
6840,1000000
6841,1000000
6842,1000000
6843,1000000
6844,1000000
6845,1000000
6846,1000000
6847,1000000
6848,1000000
6849,1000000
6850,1000000
6851,1000000
6852,1000000
6853,1000000
6854,1000000
6855,1000000
6856,1000000
6857,1000000
6858,1000000
6859,1000000
6860,1000000
6861,1000000
6862,1000000
6863,1000000
6864,1000000
6865,1000000
6866,1000000
6867,1000000
6868,1000000
6869,1000000
6870,1000000
6871,1000000
6872,1000000
6873,1000000
6874,1000000
6875,1000000
6876,1000000
6877,1000000
6878,1000000
6879,1000000
6880,1000000
6881,1000000
6882,1000000
6883,1000000
6884,1000000
6885,1000000
6886,1000000
6887,1000000
6888,1000000
6889,1000000
6890,1000000
6891,1000000
6892,1000000
6893,1000000
6894,1000000
6895,1000000
6896,1000000
6897,1000000
6898,1000000
6899,1000000
6900,1000000
6901,1000000
6902,1000000
6903,1000000
6904,1000000
6905,1000000
6906,1000000
6907,1000000
6908,1000000
6909,1000000
6910,1000000
6911,1000000
6912,1000000
6913,1000000
6914,1000000
6915,1000000
6916,1000000
6917,1000000
6918,1000000
6919,1000000
6920,1000000
6921,1000000
6922,1000000
6923,1000000
6924,1000000
6925,1000000
6926,1000000
6927,1000000
6928,1000000
6929,1000000
6930,1000000
6931,1000000
6932,1000000
6933,1000000
6934,1000000
6935,1000000
6936,1000000
6937,1000000
6938,1000000
6939,1000000
6940,1000000
6941,1000000
6942,1000000
6943,1000000
6944,1000000
6945,1000000
6946,1000000
6947,1000000
6948,1000000
6949,1000000
6950,1000000
6951,1000000
6952,1000000
6953,1000000
6954,1000000
6955,1000000
6956,1000000
6957,1000000
6958,1000000
6959,1000000
6960,1000000
6961,1000000
6962,1000000
6963,1000000
6964,1000000
6965,1000000
6966,1000000
6967,1000000
6968,1000000
6969,1000000
6970,1000000
6971,1000000
6972,1000000
6973,1000000
6974,1000000
6975,1000000
6976,1000000
6977,1000000
6978,1000000
6979,1000000
6980,1000000
6981,1000000
6982,1000000
6983,1000000
6984,1000000
6985,1000000
6986,1000000
6987,1000000
6988,1000000
6989,1000000
6990,1000000
6991,1000000
6992,1000000
6993,1000000
6994,1000000
6995,1000000
6996,1000000
6997,1000000
6998,1000000
6999,1000000
7000,1000000
7001,1000000
7002,1000000
7003,1000000
7004,1000000
7005,1000000
7006,1000000
7007,1000000
7008,1000000
7009,1000000
7010,1000000
7011,1000000
7012,1000000
7013,1000000
7014,1000000
7015,1000000
7016,1000000
7017,1000000
7018,1000000
7019,1000000
7020,1000000
7021,1000000
7022,1000000
7023,1000000
7024,1000000
7025,1000000
7026,1000000
7027,1000000
7028,1000000
7029,1000000
7030,1000000
7031,1000000
7032,1000000
7033,1000000
7034,1000000
7035,1000000
7036,1000000
7037,1000000
7038,1000000
7039,1000000
7040,1000000
7041,1000000
7042,1000000
7043,1000000
7044,1000000
7045,1000000
7046,1000000
7047,1000000
7048,1000000
7049,1000000
7050,1000000
7051,1000000
7052,1000000
7053,1000000
7054,1000000
7055,1000000
7056,1000000
7057,1000000
7058,1000000
7059,1000000
7060,1000000
7061,1000000
7062,1000000
7063,1000000
7064,1000000
7065,1000000
7066,1000000
7067,1000000
7068,1000000
7069,1000000
7070,1000000
7071,1000000
7072,1000000
7073,1000000
7074,1000000
7075,1000000
7076,1000000
7077,1000000
7078,1000000
7079,1000000
7080,1000000
7081,1000000
7082,1000000
7083,1000000
7084,1000000
7085,1000000
7086,1000000
7087,1000000
7088,1000000
7089,1000000
7090,1000000
7091,1000000
7092,1000000
7093,1000000
7094,1000000
7095,1000000
7096,1000000
7097,1000000
7098,1000000
7099,1000000
7100,1000000
7101,1000000
7102,1000000
7103,1000000
7104,1000000
7105,1000000
7106,1000000
7107,1000000
7108,1000000
7109,1000000
7110,1000000
7111,1000000
7112,1000000
7113,1000000
7114,1000000
7115,1000000
7116,1000000
7117,1000000
7118,1000000
7119,1000000
7120,1000000
7121,1000000
7122,1000000
7123,1000000
7124,1000000
7125,1000000
7126,1000000
7127,1000000
7128,1000000
7129,1000000
7130,1000000
7131,1000000
7132,1000000
7133,1000000
7134,1000000
7135,1000000
7136,1000000
7137,1000000
7138,1000000
7139,1000000
7140,1000000
7141,1000000
7142,1000000
7143,1000000
7144,1000000
7145,1000000
7146,1000000
7147,1000000
7148,1000000
7149,1000000
7150,1000000
7151,1000000
7152,1000000
7153,1000000
7154,1000000
7155,1000000
7156,1000000
7157,1000000
7158,1000000
7159,1000000
7160,1000000
7161,1000000
7162,1000000
7163,1000000
7164,1000000
7165,1000000
7166,1000000
7167,1000000
7168,1000000
7169,1000000
7170,1000000
7171,1000000
7172,1000000
7173,1000000
7174,1000000
7175,1000000
7176,1000000
7177,1000000
7178,1000000
7179,1000000
7180,1000000
7181,1000000
7182,1000000
7183,1000000
7184,1000000
7185,1000000
7186,1000000
7187,1000000
7188,1000000
7189,1000000
7190,1000000
7191,1000000
7192,1000000
7193,1000000
7194,1000000
7195,1000000
7196,1000000
7197,1000000
7198,1000000
7199,1000000
7200,1000000
7201,1000000
7202,1000000
7203,1000000
7204,1000000
7205,1000000
7206,1000000
7207,1000000
7208,1000000
7209,1000000
7210,1000000
7211,1000000
7212,1000000
7213,1000000
7214,1000000
7215,1000000
7216,1000000
7217,1000000
7218,1000000
7219,1000000
7220,1000000
7221,1000000
7222,1000000
7223,1000000
7224,1000000
7225,1000000
7226,1000000
7227,1000000
7228,1000000
7229,1000000
7230,1000000
7231,1000000
7232,1000000
7233,1000000
7234,1000000
7235,1000000
7236,1000000
7237,1000000
7238,1000000
7239,1000000
7240,1000000
7241,1000000
7242,1000000
7243,1000000
7244,1000000
7245,1000000
7246,1000000
7247,1000000
7248,1000000
7249,1000000
7250,1000000
7251,1000000
7252,1000000
7253,1000000
7254,1000000
7255,1000000
7256,1000000
7257,1000000
7258,1000000
7259,1000000
7260,1000000
7261,1000000
7262,1000000
7263,1000000
7264,1000000
7265,1000000
7266,1000000
7267,1000000
7268,1000000
7269,1000000
7270,1000000
7271,1000000
7272,1000000
7273,1000000
7274,1000000
7275,1000000
7276,1000000
7277,1000000
7278,1000000
7279,1000000
7280,1000000
7281,1000000
7282,1000000
7283,1000000
7284,1000000
7285,1000000
7286,1000000
7287,1000000
7288,1000000
7289,1000000
7290,1000000
7291,1000000
7292,1000000
7293,1000000
7294,1000000
7295,1000000
7296,1000000
7297,1000000
7298,1000000
7299,1000000
7300,1000000
7301,1000000
7302,1000000
7303,1000000
7304,1000000
7305,1000000
7306,1000000
7307,1000000
7308,1000000
7309,1000000
7310,1000000
7311,1000000
7312,1000000
7313,1000000
7314,1000000
7315,1000000
7316,1000000
7317,1000000
7318,1000000
7319,1000000
7320,1000000
7321,1000000
7322,1000000
7323,1000000
7324,1000000
7325,1000000
7326,1000000
7327,1000000
7328,1000000
7329,1000000
7330,1000000
7331,1000000
7332,1000000
7333,1000000
7334,1000000
7335,1000000
7336,1000000
7337,1000000
7338,1000000
7339,1000000
7340,1000000
7341,1000000
7342,1000000
7343,1000000
7344,1000000
7345,1000000
7346,1000000
7347,1000000
7348,1000000
7349,1000000
7350,1000000
7351,1000000
7352,1000000
7353,1000000
7354,1000000
7355,1000000
7356,1000000
7357,1000000
7358,1000000
7359,1000000
7360,1000000
7361,1000000
7362,1000000
7363,1000000
7364,1000000
7365,1000000
7366,1000000
7367,1000000
7368,1000000
7369,1000000
7370,1000000
7371,1000000
7372,1000000
7373,1000000
7374,1000000
7375,1000000
7376,1000000
7377,1000000
7378,1000000
7379,1000000
7380,1000000
7381,1000000
7382,1000000
7383,1000000
7384,1000000
7385,1000000
7386,1000000
7387,1000000
7388,1000000
7389,1000000
7390,1000000
7391,1000000
7392,1000000
7393,1000000
7394,1000000
7395,1000000
7396,1000000
7397,1000000
7398,1000000